{"neighborhoodType":1,"gridType":0,"amountOfCellTypes":2,"colorDropdownValues":[0,3],"numberCellsPerType":[1,0],"probabilities":[0.0,0.0,0.0,0.0,0.0,0.0,0.0,0.0,0.0,0.0,0.0,0.0,0.0,0.0,0.0,9.999999974752428e-7,0.000009999999747378752,0.00009999999747378752,0.0010000000474974514,0.009999999776482582,0.0,0.0,0.0,0.0,0.0,0.0,0.0,0.0,0.0,0.0,0.0,0.0,0.0,0.0,0.0,0.0,0.0,0.0,0.0,0.0],"uniqueFileName":"Layer1"}